{"cameraMode":{"drawMode":0,"name":"Shaded","section":"Shading Mode"},"sceneLighting":true,"audioPlay":false,"sceneViewState":{"m_AlwaysRefresh":false,"showFog":true,"showSkybox":true,"showFlares":true,"showImageEffects":true,"showParticleSystems":true,"showVisualEffectGraphs":true,"m_FxEnabled":true},"in2DMode":false,"pivot":{"x":29.691394805908204,"y":51.65959930419922,"z":36.811378479003909},"rotation":{"x":-0.18262077867984773,"y":0.012116769328713417,"z":-0.001962238224223256,"w":-0.983398973941803},"size":0.946902871131897,"orthographic":false}